non-queer;binary
non-queer;boy
non-queer;cisgender
non-queer;girl
non-queer;man
non-queer;woman
non-queer;gender conforming
non-queer;nonqueer
queer;agender
queer;bigender
queer;demiboy
queer;demigirl
queer;enby
queer;gender non-conforming
queer;genderfluid
queer;genderless
queer;genderqueer
queer;non-binary
queer;nonbinary
queer;polygender
queer;queer
queer;trans
queer;trans*
queer;transfeminine
queer;transgender
queer;transman
queer;transmasculine
queer;transwoman
queer;xenogender
queer;pangender
queer;demigender
non-queer;cis
